cytogenetic_band,chromosome,start,end,length,assembly,stain,last_download_date
1p36.33,1,1,2300000,2300000,GRCh38,gneg,Tue Apr 30 17:54:25 2019
1p36.32,1,2300001,5300000,3000000,GRCh38,gpos25,Tue Apr 30 17:54:25 2019
1p36.31,1,5300001,7100000,1800000,GRCh38,gneg,Tue Apr 30 17:54:25 2019
1p36.23,1,7100001,9100000,2000000,GRCh38,gpos25,Tue Apr 30 17:54:25 2019
1p36.22,1,9100001,12500000,3400000,GRCh38,gneg,Tue Apr 30 17:54:25 2019
1p36.21,1,12500001,15900000,3400000,GRCh38,gpos50,Tue Apr 30 17:54:25 2019
1p36.13,1,15900001,20100000,4200000,GRCh38,gneg,Tue Apr 30 17:54:25 2019
1p36.12,1,20100001,23600000,3500000,GRCh38,gpos25,Tue Apr 30 17:54:25 2019
1p36.11,1,23600001,27600000,4000000,GRCh38,gneg,Tue Apr 30 17:54:25 2019
1p35.3,1,27600001,29900000,2300000,GRCh38,gpos25,Tue Apr 30 17:54:25 2019
1p35.2,1,29900001,32300000,2400000,GRCh38,gneg,Tue Apr 30 17:54:25 2019
1p35.1,1,32300001,34300000,2000000,GRCh38,gpos25,Tue Apr 30 17:54:25 2019
1p34.3,1,34300001,39600000,5300000,GRCh38,gneg,Tue Apr 30 17:54:25 2019
1p34.2,1,39600001,43700000,4100000,GRCh38,gpos25,Tue Apr 30 17:54:25 2019
1p34.1,1,43700001,46300000,2600000,GRCh38,gneg,Tue Apr 30 17:54:25 2019
1p33,1,46300001,50200000,3900000,GRCh38,gpos75,Tue Apr 30 17:54:25 2019
1p32.3,1,50200001,55600000,5400000,GRCh38,gneg,Tue Apr 30 17:54:25 2019
1p32.2,1,55600001,58500000,2900000,GRCh38,gpos50,Tue Apr 30 17:54:25 2019
1p32.1,1,58500001,60800000,2300000,GRCh38,gneg,Tue Apr 30 17:54:25 2019
1p31.3,1,60800001,68500000,7700000,GRCh38,gpos50,Tue Apr 30 17:54:25 2019
1p31.2,1,68500001,69300000,800000,GRCh38,gneg,Tue Apr 30 17:54:25 2019
1p31.1,1,69300001,84400000,15100000,GRCh38,gpos100,Tue Apr 30 17:54:25 2019
1p22.3,1,84400001,87900000,3500000,GRCh38,gneg,Tue Apr 30 17:54:25 2019
1p22.2,1,87900001,91500000,3600000,GRCh38,gpos75,Tue Apr 30 17:54:25 2019
1p22.1,1,91500001,94300000,2800000,GRCh38,gneg,Tue Apr 30 17:54:25 2019
1p21.3,1,94300001,99300000,5000000,GRCh38,gpos75,Tue Apr 30 17:54:25 2019
1p21.2,1,99300001,101800000,2500000,GRCh38,gneg,Tue Apr 30 17:54:25 2019
1p21.1,1,101800001,106700000,4900000,GRCh38,gpos100,Tue Apr 30 17:54:25 2019
1p13.3,1,106700001,111200000,4500000,GRCh38,gneg,Tue Apr 30 17:54:25 2019
1p13.2,1,111200001,115500000,4300000,GRCh38,gpos50,Tue Apr 30 17:54:25 2019
1p13.1,1,115500001,117200000,1700000,GRCh38,gneg,Tue Apr 30 17:54:25 2019
1p12,1,117200001,120400000,3200000,GRCh38,gpos50,Tue Apr 30 17:54:25 2019
1p11.2,1,120400001,121700000,1300000,GRCh38,gneg,Tue Apr 30 17:54:25 2019
1p11.1,1,121700001,123400000,1700000,GRCh38,acen,Tue Apr 30 17:54:25 2019
1q11,1,123400001,125100000,1700000,GRCh38,acen,Tue Apr 30 17:54:25 2019
1q12,1,125100001,143200000,18100000,GRCh38,gvar,Tue Apr 30 17:54:25 2019
1q21.1,1,143200001,147500000,4300000,GRCh38,gneg,Tue Apr 30 17:54:25 2019
1q21.2,1,147500001,150600000,3100000,GRCh38,gpos50,Tue Apr 30 17:54:25 2019
1q21.3,1,150600001,155100000,4500000,GRCh38,gneg,Tue Apr 30 17:54:25 2019
1q22,1,155100001,156600000,1500000,GRCh38,gpos50,Tue Apr 30 17:54:25 2019
1q23.1,1,156600001,159100000,2500000,GRCh38,gneg,Tue Apr 30 17:54:25 2019
1q23.2,1,159100001,160500000,1400000,GRCh38,gpos50,Tue Apr 30 17:54:25 2019
1q23.3,1,160500001,165500000,5000000,GRCh38,gneg,Tue Apr 30 17:54:25 2019
1q24.1,1,165500001,167200000,1700000,GRCh38,gpos50,Tue Apr 30 17:54:25 2019
1q24.2,1,167200001,170900000,3700000,GRCh38,gneg,Tue Apr 30 17:54:25 2019
1q24.3,1,170900001,173000000,2100000,GRCh38,gpos75,Tue Apr 30 17:54:25 2019
1q25.1,1,173000001,176100000,3100000,GRCh38,gneg,Tue Apr 30 17:54:25 2019
1q25.2,1,176100001,180300000,4200000,GRCh38,gpos50,Tue Apr 30 17:54:25 2019
1q25.3,1,180300001,185800000,5500000,GRCh38,gneg,Tue Apr 30 17:54:25 2019
1q31.1,1,185800001,190800000,5000000,GRCh38,gpos100,Tue Apr 30 17:54:25 2019
1q31.2,1,190800001,193800000,3000000,GRCh38,gneg,Tue Apr 30 17:54:25 2019
1q31.3,1,193800001,198700000,4900000,GRCh38,gpos100,Tue Apr 30 17:54:25 2019
1q32.1,1,198700001,207100000,8400000,GRCh38,gneg,Tue Apr 30 17:54:25 2019
1q32.2,1,207100001,211300000,4200000,GRCh38,gpos25,Tue Apr 30 17:54:25 2019
1q32.3,1,211300001,214400000,3100000,GRCh38,gneg,Tue Apr 30 17:54:25 2019
1q41,1,214400001,223900000,9500000,GRCh38,gpos100,Tue Apr 30 17:54:25 2019
1q42.11,1,223900001,224400000,500000,GRCh38,gneg,Tue Apr 30 17:54:25 2019
1q42.12,1,224400001,226800000,2400000,GRCh38,gpos25,Tue Apr 30 17:54:25 2019
1q42.13,1,226800001,230500000,3700000,GRCh38,gneg,Tue Apr 30 17:54:25 2019
1q42.2,1,230500001,234600000,4100000,GRCh38,gpos50,Tue Apr 30 17:54:25 2019
1q42.3,1,234600001,236400000,1800000,GRCh38,gneg,Tue Apr 30 17:54:25 2019
1q43,1,236400001,243500000,7100000,GRCh38,gpos75,Tue Apr 30 17:54:25 2019
1q44,1,243500001,248956422,5456422,GRCh38,gneg,Tue Apr 30 17:54:25 2019
2p25.3,2,1,4400000,4400000,GRCh38,gneg,Tue Apr 30 17:54:25 2019
2p25.2,2,4400001,6900000,2500000,GRCh38,gpos50,Tue Apr 30 17:54:25 2019
2p25.1,2,6900001,12000000,5100000,GRCh38,gneg,Tue Apr 30 17:54:25 2019
2p24.3,2,12000001,16500000,4500000,GRCh38,gpos75,Tue Apr 30 17:54:25 2019
2p24.2,2,16500001,19000000,2500000,GRCh38,gneg,Tue Apr 30 17:54:25 2019
2p24.1,2,19000001,23800000,4800000,GRCh38,gpos75,Tue Apr 30 17:54:25 2019
2p23.3,2,23800001,27700000,3900000,GRCh38,gneg,Tue Apr 30 17:54:25 2019
2p23.2,2,27700001,29800000,2100000,GRCh38,gpos25,Tue Apr 30 17:54:25 2019
2p23.1,2,29800001,31800000,2000000,GRCh38,gneg,Tue Apr 30 17:54:25 2019
2p22.3,2,31800001,36300000,4500000,GRCh38,gpos75,Tue Apr 30 17:54:25 2019
2p22.2,2,36300001,38300000,2000000,GRCh38,gneg,Tue Apr 30 17:54:25 2019
2p22.1,2,38300001,41500000,3200000,GRCh38,gpos50,Tue Apr 30 17:54:25 2019
2p21,2,41500001,47500000,6000000,GRCh38,gneg,Tue Apr 30 17:54:25 2019
2p16.3,2,47500001,52600000,5100000,GRCh38,gpos100,Tue Apr 30 17:54:25 2019
2p16.2,2,52600001,54700000,2100000,GRCh38,gneg,Tue Apr 30 17:54:25 2019
2p16.1,2,54700001,61000000,6300000,GRCh38,gpos100,Tue Apr 30 17:54:25 2019
2p15,2,61000001,63900000,2900000,GRCh38,gneg,Tue Apr 30 17:54:25 2019
2p14,2,63900001,68400000,4500000,GRCh38,gpos50,Tue Apr 30 17:54:25 2019
2p13.3,2,68400001,71300000,2900000,GRCh38,gneg,Tue Apr 30 17:54:25 2019
2p13.2,2,71300001,73300000,2000000,GRCh38,gpos50,Tue Apr 30 17:54:25 2019
2p13.1,2,73300001,74800000,1500000,GRCh38,gneg,Tue Apr 30 17:54:25 2019
2p12,2,74800001,83100000,8300000,GRCh38,gpos100,Tue Apr 30 17:54:25 2019
2p11.2,2,83100001,91800000,8700000,GRCh38,gneg,Tue Apr 30 17:54:25 2019
2p11.1,2,91800001,93900000,2100000,GRCh38,acen,Tue Apr 30 17:54:25 2019
2q11.1,2,93900001,96000000,2100000,GRCh38,acen,Tue Apr 30 17:54:25 2019
2q11.2,2,96000001,102100000,6100000,GRCh38,gneg,Tue Apr 30 17:54:25 2019
2q12.1,2,102100001,105300000,3200000,GRCh38,gpos50,Tue Apr 30 17:54:25 2019
2q12.2,2,105300001,106700000,1400000,GRCh38,gneg,Tue Apr 30 17:54:25 2019
2q12.3,2,106700001,108700000,2000000,GRCh38,gpos25,Tue Apr 30 17:54:25 2019
2q13,2,108700001,112200000,3500000,GRCh38,gneg,Tue Apr 30 17:54:25 2019
2q14.1,2,112200001,118100000,5900000,GRCh38,gpos50,Tue Apr 30 17:54:25 2019
2q14.2,2,118100001,121600000,3500000,GRCh38,gneg,Tue Apr 30 17:54:25 2019
2q14.3,2,121600001,129100000,7500000,GRCh38,gpos50,Tue Apr 30 17:54:25 2019
2q21.1,2,129100001,131700000,2600000,GRCh38,gneg,Tue Apr 30 17:54:25 2019
2q21.2,2,131700001,134300000,2600000,GRCh38,gpos25,Tue Apr 30 17:54:25 2019
2q21.3,2,134300001,136100000,1800000,GRCh38,gneg,Tue Apr 30 17:54:25 2019
2q22.1,2,136100001,141500000,5400000,GRCh38,gpos100,Tue Apr 30 17:54:25 2019
2q22.2,2,141500001,143400000,1900000,GRCh38,gneg,Tue Apr 30 17:54:25 2019
2q22.3,2,143400001,147900000,4500000,GRCh38,gpos100,Tue Apr 30 17:54:25 2019
2q23.1,2,147900001,149000000,1100000,GRCh38,gneg,Tue Apr 30 17:54:25 2019
2q23.2,2,149000001,149600000,600000,GRCh38,gpos25,Tue Apr 30 17:54:25 2019
2q23.3,2,149600001,154000000,4400000,GRCh38,gneg,Tue Apr 30 17:54:25 2019
2q24.1,2,154000001,158900000,4900000,GRCh38,gpos75,Tue Apr 30 17:54:25 2019
2q24.2,2,158900001,162900000,4000000,GRCh38,gneg,Tue Apr 30 17:54:25 2019
2q24.3,2,162900001,168900000,6000000,GRCh38,gpos75,Tue Apr 30 17:54:25 2019
2q31.1,2,168900001,177100000,8200000,GRCh38,gneg,Tue Apr 30 17:54:25 2019
2q31.2,2,177100001,179700000,2600000,GRCh38,gpos50,Tue Apr 30 17:54:25 2019
2q31.3,2,179700001,182100000,2400000,GRCh38,gneg,Tue Apr 30 17:54:25 2019
2q32.1,2,182100001,188500000,6400000,GRCh38,gpos75,Tue Apr 30 17:54:25 2019
2q32.2,2,188500001,191100000,2600000,GRCh38,gneg,Tue Apr 30 17:54:25 2019
2q32.3,2,191100001,196600000,5500000,GRCh38,gpos75,Tue Apr 30 17:54:25 2019
2q33.1,2,196600001,202500000,5900000,GRCh38,gneg,Tue Apr 30 17:54:25 2019
2q33.2,2,202500001,204100000,1600000,GRCh38,gpos50,Tue Apr 30 17:54:25 2019
2q33.3,2,204100001,208200000,4100000,GRCh38,gneg,Tue Apr 30 17:54:25 2019
2q34,2,208200001,214500000,6300000,GRCh38,gpos100,Tue Apr 30 17:54:25 2019
2q35,2,214500001,220700000,6200000,GRCh38,gneg,Tue Apr 30 17:54:25 2019
2q36.1,2,220700001,224300000,3600000,GRCh38,gpos75,Tue Apr 30 17:54:25 2019
2q36.2,2,224300001,225200000,900000,GRCh38,gneg,Tue Apr 30 17:54:25 2019
2q36.3,2,225200001,230100000,4900000,GRCh38,gpos100,Tue Apr 30 17:54:25 2019
2q37.1,2,230100001,234700000,4600000,GRCh38,gneg,Tue Apr 30 17:54:25 2019
2q37.2,2,234700001,236400000,1700000,GRCh38,gpos50,Tue Apr 30 17:54:25 2019
2q37.3,2,236400001,242193529,5793529,GRCh38,gneg,Tue Apr 30 17:54:25 2019
3p26.3,3,1,2800000,2800000,GRCh38,gpos50,Tue Apr 30 17:54:25 2019
3p26.2,3,2800001,4000000,1200000,GRCh38,gneg,Tue Apr 30 17:54:25 2019
3p26.1,3,4000001,8100000,4100000,GRCh38,gpos50,Tue Apr 30 17:54:25 2019
3p25.3,3,8100001,11600000,3500000,GRCh38,gneg,Tue Apr 30 17:54:25 2019
3p25.2,3,11600001,13200000,1600000,GRCh38,gpos25,Tue Apr 30 17:54:25 2019
3p25.1,3,13200001,16300000,3100000,GRCh38,gneg,Tue Apr 30 17:54:25 2019
3p24.3,3,16300001,23800000,7500000,GRCh38,gpos100,Tue Apr 30 17:54:25 2019
3p24.2,3,23800001,26300000,2500000,GRCh38,gneg,Tue Apr 30 17:54:25 2019
3p24.1,3,26300001,30800000,4500000,GRCh38,gpos75,Tue Apr 30 17:54:25 2019
3p23,3,30800001,32000000,1200000,GRCh38,gneg,Tue Apr 30 17:54:25 2019
3p22.3,3,32000001,36400000,4400000,GRCh38,gpos50,Tue Apr 30 17:54:25 2019
3p22.2,3,36400001,39300000,2900000,GRCh38,gneg,Tue Apr 30 17:54:25 2019
3p22.1,3,39300001,43600000,4300000,GRCh38,gpos75,Tue Apr 30 17:54:25 2019
3p21.33,3,43600001,44100000,500000,GRCh38,gneg,Tue Apr 30 17:54:25 2019
3p21.32,3,44100001,44200000,100000,GRCh38,gpos50,Tue Apr 30 17:54:25 2019
3p21.31,3,44200001,50600000,6400000,GRCh38,gneg,Tue Apr 30 17:54:25 2019
3p21.2,3,50600001,52300000,1700000,GRCh38,gpos25,Tue Apr 30 17:54:25 2019
3p21.1,3,52300001,54400000,2100000,GRCh38,gneg,Tue Apr 30 17:54:25 2019
3p14.3,3,54400001,58600000,4200000,GRCh38,gpos50,Tue Apr 30 17:54:25 2019
3p14.2,3,58600001,63800000,5200000,GRCh38,gneg,Tue Apr 30 17:54:25 2019
3p14.1,3,63800001,69700000,5900000,GRCh38,gpos50,Tue Apr 30 17:54:25 2019
3p13,3,69700001,74100000,4400000,GRCh38,gneg,Tue Apr 30 17:54:25 2019
3p12.3,3,74100001,79800000,5700000,GRCh38,gpos75,Tue Apr 30 17:54:25 2019
3p12.2,3,79800001,83500000,3700000,GRCh38,gneg,Tue Apr 30 17:54:25 2019
3p12.1,3,83500001,87100000,3600000,GRCh38,gpos75,Tue Apr 30 17:54:25 2019
3p11.2,3,87100001,87800000,700000,GRCh38,gneg,Tue Apr 30 17:54:25 2019
3p11.1,3,87800001,90900000,3100000,GRCh38,acen,Tue Apr 30 17:54:25 2019
3q11.1,3,90900001,94000000,3100000,GRCh38,acen,Tue Apr 30 17:54:25 2019
3q11.2,3,94000001,98600000,4600000,GRCh38,gvar,Tue Apr 30 17:54:25 2019
3q12.1,3,98600001,100300000,1700000,GRCh38,gneg,Tue Apr 30 17:54:25 2019
3q12.2,3,100300001,101200000,900000,GRCh38,gpos25,Tue Apr 30 17:54:25 2019
3q12.3,3,101200001,103100000,1900000,GRCh38,gneg,Tue Apr 30 17:54:25 2019
3q13.11,3,103100001,106500000,3400000,GRCh38,gpos75,Tue Apr 30 17:54:25 2019
3q13.12,3,106500001,108200000,1700000,GRCh38,gneg,Tue Apr 30 17:54:25 2019
3q13.13,3,108200001,111600000,3400000,GRCh38,gpos50,Tue Apr 30 17:54:25 2019
3q13.2,3,111600001,113700000,2100000,GRCh38,gneg,Tue Apr 30 17:54:25 2019
3q13.31,3,113700001,117600000,3900000,GRCh38,gpos75,Tue Apr 30 17:54:25 2019
3q13.32,3,117600001,119300000,1700000,GRCh38,gneg,Tue Apr 30 17:54:25 2019
3q13.33,3,119300001,122200000,2900000,GRCh38,gpos75,Tue Apr 30 17:54:25 2019
3q21.1,3,122200001,124100000,1900000,GRCh38,gneg,Tue Apr 30 17:54:25 2019
3q21.2,3,124100001,126100000,2000000,GRCh38,gpos25,Tue Apr 30 17:54:25 2019
3q21.3,3,126100001,129500000,3400000,GRCh38,gneg,Tue Apr 30 17:54:25 2019
3q22.1,3,129500001,134000000,4500000,GRCh38,gpos25,Tue Apr 30 17:54:25 2019
3q22.2,3,134000001,136000000,2000000,GRCh38,gneg,Tue Apr 30 17:54:25 2019
3q22.3,3,136000001,139000000,3000000,GRCh38,gpos25,Tue Apr 30 17:54:25 2019
3q23,3,139000001,143100000,4100000,GRCh38,gneg,Tue Apr 30 17:54:25 2019
3q24,3,143100001,149200000,6100000,GRCh38,gpos100,Tue Apr 30 17:54:25 2019
3q25.1,3,149200001,152300000,3100000,GRCh38,gneg,Tue Apr 30 17:54:25 2019
3q25.2,3,152300001,155300000,3000000,GRCh38,gpos50,Tue Apr 30 17:54:25 2019
3q25.31,3,155300001,157300000,2000000,GRCh38,gneg,Tue Apr 30 17:54:25 2019
3q25.32,3,157300001,159300000,2000000,GRCh38,gpos50,Tue Apr 30 17:54:25 2019
3q25.33,3,159300001,161000000,1700000,GRCh38,gneg,Tue Apr 30 17:54:25 2019
3q26.1,3,161000001,167900000,6900000,GRCh38,gpos100,Tue Apr 30 17:54:25 2019
3q26.2,3,167900001,171200000,3300000,GRCh38,gneg,Tue Apr 30 17:54:25 2019
3q26.31,3,171200001,176000000,4800000,GRCh38,gpos75,Tue Apr 30 17:54:25 2019
3q26.32,3,176000001,179300000,3300000,GRCh38,gneg,Tue Apr 30 17:54:25 2019
3q26.33,3,179300001,183000000,3700000,GRCh38,gpos75,Tue Apr 30 17:54:25 2019
3q27.1,3,183000001,184800000,1800000,GRCh38,gneg,Tue Apr 30 17:54:25 2019
3q27.2,3,184800001,186300000,1500000,GRCh38,gpos25,Tue Apr 30 17:54:25 2019
3q27.3,3,186300001,188200000,1900000,GRCh38,gneg,Tue Apr 30 17:54:25 2019
3q28,3,188200001,192600000,4400000,GRCh38,gpos75,Tue Apr 30 17:54:25 2019
3q29,3,192600001,198295559,5695559,GRCh38,gneg,Tue Apr 30 17:54:25 2019
4p16.3,4,1,4500000,4500000,GRCh38,gneg,Tue Apr 30 17:54:25 2019
4p16.2,4,4500001,6000000,1500000,GRCh38,gpos25,Tue Apr 30 17:54:25 2019
4p16.1,4,6000001,11300000,5300000,GRCh38,gneg,Tue Apr 30 17:54:25 2019
4p15.33,4,11300001,15000000,3700000,GRCh38,gpos50,Tue Apr 30 17:54:25 2019
4p15.32,4,15000001,17700000,2700000,GRCh38,gneg,Tue Apr 30 17:54:25 2019
4p15.31,4,17700001,21300000,3600000,GRCh38,gpos75,Tue Apr 30 17:54:25 2019
4p15.2,4,21300001,27700000,6400000,GRCh38,gneg,Tue Apr 30 17:54:25 2019
4p15.1,4,27700001,35800000,8100000,GRCh38,gpos100,Tue Apr 30 17:54:25 2019
4p14,4,35800001,41200000,5400000,GRCh38,gneg,Tue Apr 30 17:54:25 2019
4p13,4,41200001,44600000,3400000,GRCh38,gpos50,Tue Apr 30 17:54:25 2019
4p12,4,44600001,48200000,3600000,GRCh38,gneg,Tue Apr 30 17:54:25 2019
4p11,4,48200001,50000000,1800000,GRCh38,acen,Tue Apr 30 17:54:25 2019
4q11,4,50000001,51800000,1800000,GRCh38,acen,Tue Apr 30 17:54:25 2019
4q12,4,51800001,58500000,6700000,GRCh38,gneg,Tue Apr 30 17:54:25 2019
4q13.1,4,58500001,65500000,7000000,GRCh38,gpos100,Tue Apr 30 17:54:25 2019
4q13.2,4,65500001,69400000,3900000,GRCh38,gneg,Tue Apr 30 17:54:25 2019
4q13.3,4,69400001,75300000,5900000,GRCh38,gpos75,Tue Apr 30 17:54:25 2019
4q21.1,4,75300001,78000000,2700000,GRCh38,gneg,Tue Apr 30 17:54:25 2019
4q21.21,4,78000001,81500000,3500000,GRCh38,gpos50,Tue Apr 30 17:54:25 2019
4q21.22,4,81500001,83200000,1700000,GRCh38,gneg,Tue Apr 30 17:54:25 2019
4q21.23,4,83200001,86000000,2800000,GRCh38,gpos25,Tue Apr 30 17:54:25 2019
4q21.3,4,86000001,87100000,1100000,GRCh38,gneg,Tue Apr 30 17:54:25 2019
4q22.1,4,87100001,92800000,5700000,GRCh38,gpos75,Tue Apr 30 17:54:25 2019
4q22.2,4,92800001,94200000,1400000,GRCh38,gneg,Tue Apr 30 17:54:25 2019
4q22.3,4,94200001,97900000,3700000,GRCh38,gpos75,Tue Apr 30 17:54:25 2019
4q23,4,97900001,100100000,2200000,GRCh38,gneg,Tue Apr 30 17:54:25 2019
4q24,4,100100001,106700000,6600000,GRCh38,gpos50,Tue Apr 30 17:54:25 2019
4q25,4,106700001,113200000,6500000,GRCh38,gneg,Tue Apr 30 17:54:25 2019
4q26,4,113200001,119900000,6700000,GRCh38,gpos75,Tue Apr 30 17:54:25 2019
4q27,4,119900001,122800000,2900000,GRCh38,gneg,Tue Apr 30 17:54:25 2019
4q28.1,4,122800001,127900000,5100000,GRCh38,gpos50,Tue Apr 30 17:54:25 2019
4q28.2,4,127900001,130100000,2200000,GRCh38,gneg,Tue Apr 30 17:54:25 2019
4q28.3,4,130100001,138500000,8400000,GRCh38,gpos100,Tue Apr 30 17:54:25 2019
4q31.1,4,138500001,140600000,2100000,GRCh38,gneg,Tue Apr 30 17:54:25 2019
4q31.21,4,140600001,145900000,5300000,GRCh38,gpos25,Tue Apr 30 17:54:25 2019
4q31.22,4,145900001,147500000,1600000,GRCh38,gneg,Tue Apr 30 17:54:25 2019
4q31.23,4,147500001,150200000,2700000,GRCh38,gpos25,Tue Apr 30 17:54:25 2019
4q31.3,4,150200001,154600000,4400000,GRCh38,gneg,Tue Apr 30 17:54:25 2019
4q32.1,4,154600001,160800000,6200000,GRCh38,gpos100,Tue Apr 30 17:54:25 2019
4q32.2,4,160800001,163600000,2800000,GRCh38,gneg,Tue Apr 30 17:54:25 2019
4q32.3,4,163600001,169200000,5600000,GRCh38,gpos100,Tue Apr 30 17:54:25 2019
4q33,4,169200001,171000000,1800000,GRCh38,gneg,Tue Apr 30 17:54:25 2019
4q34.1,4,171000001,175400000,4400000,GRCh38,gpos75,Tue Apr 30 17:54:25 2019
4q34.2,4,175400001,176600000,1200000,GRCh38,gneg,Tue Apr 30 17:54:25 2019
4q34.3,4,176600001,182300000,5700000,GRCh38,gpos100,Tue Apr 30 17:54:25 2019
4q35.1,4,182300001,186200000,3900000,GRCh38,gneg,Tue Apr 30 17:54:25 2019
4q35.2,4,186200001,190214555,4014555,GRCh38,gpos25,Tue Apr 30 17:54:25 2019
5p15.33,5,1,4400000,4400000,GRCh38,gneg,Tue Apr 30 17:54:25 2019
5p15.32,5,4400001,6300000,1900000,GRCh38,gpos25,Tue Apr 30 17:54:25 2019
5p15.31,5,6300001,9900000,3600000,GRCh38,gneg,Tue Apr 30 17:54:25 2019
5p15.2,5,9900001,15000000,5100000,GRCh38,gpos50,Tue Apr 30 17:54:25 2019
5p15.1,5,15000001,18400000,3400000,GRCh38,gneg,Tue Apr 30 17:54:25 2019
5p14.3,5,18400001,23300000,4900000,GRCh38,gpos100,Tue Apr 30 17:54:25 2019
5p14.2,5,23300001,24600000,1300000,GRCh38,gneg,Tue Apr 30 17:54:25 2019
5p14.1,5,24600001,28900000,4300000,GRCh38,gpos100,Tue Apr 30 17:54:25 2019
5p13.3,5,28900001,33800000,4900000,GRCh38,gneg,Tue Apr 30 17:54:25 2019
5p13.2,5,33800001,38400000,4600000,GRCh38,gpos25,Tue Apr 30 17:54:25 2019
5p13.1,5,38400001,42500000,4100000,GRCh38,gneg,Tue Apr 30 17:54:25 2019
5p12,5,42500001,46100000,3600000,GRCh38,gpos50,Tue Apr 30 17:54:25 2019
5p11,5,46100001,48800000,2700000,GRCh38,acen,Tue Apr 30 17:54:25 2019
5q11.1,5,48800001,51400000,2600000,GRCh38,acen,Tue Apr 30 17:54:25 2019
5q11.2,5,51400001,59600000,8200000,GRCh38,gneg,Tue Apr 30 17:54:25 2019
5q12.1,5,59600001,63600000,4000000,GRCh38,gpos75,Tue Apr 30 17:54:25 2019
5q12.2,5,63600001,63900000,300000,GRCh38,gneg,Tue Apr 30 17:54:25 2019
5q12.3,5,63900001,67400000,3500000,GRCh38,gpos75,Tue Apr 30 17:54:25 2019
5q13.1,5,67400001,69100000,1700000,GRCh38,gneg,Tue Apr 30 17:54:25 2019
5q13.2,5,69100001,74000000,4900000,GRCh38,gpos50,Tue Apr 30 17:54:25 2019
5q13.3,5,74000001,77600000,3600000,GRCh38,gneg,Tue Apr 30 17:54:25 2019
5q14.1,5,77600001,82100000,4500000,GRCh38,gpos50,Tue Apr 30 17:54:25 2019
5q14.2,5,82100001,83500000,1400000,GRCh38,gneg,Tue Apr 30 17:54:25 2019
5q14.3,5,83500001,93000000,9500000,GRCh38,gpos100,Tue Apr 30 17:54:25 2019
5q15,5,93000001,98900000,5900000,GRCh38,gneg,Tue Apr 30 17:54:25 2019
5q21.1,5,98900001,103400000,4500000,GRCh38,gpos100,Tue Apr 30 17:54:25 2019
5q21.2,5,103400001,105100000,1700000,GRCh38,gneg,Tue Apr 30 17:54:25 2019
5q21.3,5,105100001,110200000,5100000,GRCh38,gpos100,Tue Apr 30 17:54:25 2019
5q22.1,5,110200001,112200000,2000000,GRCh38,gneg,Tue Apr 30 17:54:25 2019
5q22.2,5,112200001,113800000,1600000,GRCh38,gpos50,Tue Apr 30 17:54:25 2019
5q22.3,5,113800001,115900000,2100000,GRCh38,gneg,Tue Apr 30 17:54:25 2019
5q23.1,5,115900001,122100000,6200000,GRCh38,gpos100,Tue Apr 30 17:54:25 2019
5q23.2,5,122100001,127900000,5800000,GRCh38,gneg,Tue Apr 30 17:54:25 2019
5q23.3,5,127900001,131200000,3300000,GRCh38,gpos100,Tue Apr 30 17:54:25 2019
5q31.1,5,131200001,136900000,5700000,GRCh38,gneg,Tue Apr 30 17:54:25 2019
5q31.2,5,136900001,140100000,3200000,GRCh38,gpos25,Tue Apr 30 17:54:25 2019
5q31.3,5,140100001,145100000,5000000,GRCh38,gneg,Tue Apr 30 17:54:25 2019
5q32,5,145100001,150400000,5300000,GRCh38,gpos75,Tue Apr 30 17:54:25 2019
5q33.1,5,150400001,153300000,2900000,GRCh38,gneg,Tue Apr 30 17:54:25 2019
5q33.2,5,153300001,156300000,3000000,GRCh38,gpos50,Tue Apr 30 17:54:25 2019
5q33.3,5,156300001,160500000,4200000,GRCh38,gneg,Tue Apr 30 17:54:25 2019
5q34,5,160500001,169000000,8500000,GRCh38,gpos100,Tue Apr 30 17:54:25 2019
5q35.1,5,169000001,173300000,4300000,GRCh38,gneg,Tue Apr 30 17:54:25 2019
5q35.2,5,173300001,177100000,3800000,GRCh38,gpos25,Tue Apr 30 17:54:25 2019
5q35.3,5,177100001,181538259,4438259,GRCh38,gneg,Tue Apr 30 17:54:25 2019
6p25.3,6,1,2300000,2300000,GRCh38,gneg,Tue Apr 30 17:54:25 2019
6p25.2,6,2300001,4200000,1900000,GRCh38,gpos25,Tue Apr 30 17:54:25 2019
6p25.1,6,4200001,7100000,2900000,GRCh38,gneg,Tue Apr 30 17:54:25 2019
6p24.3,6,7100001,10600000,3500000,GRCh38,gpos50,Tue Apr 30 17:54:25 2019
6p24.2,6,10600001,11600000,1000000,GRCh38,gneg,Tue Apr 30 17:54:25 2019
6p24.1,6,11600001,13400000,1800000,GRCh38,gpos25,Tue Apr 30 17:54:25 2019
6p23,6,13400001,15200000,1800000,GRCh38,gneg,Tue Apr 30 17:54:25 2019
6p22.3,6,15200001,25200000,10000000,GRCh38,gpos75,Tue Apr 30 17:54:25 2019
6p22.2,6,25200001,27100000,1900000,GRCh38,gneg,Tue Apr 30 17:54:25 2019
6p22.1,6,27100001,30500000,3400000,GRCh38,gpos50,Tue Apr 30 17:54:25 2019
6p21.33,6,30500001,32100000,1600000,GRCh38,gneg,Tue Apr 30 17:54:25 2019
6p21.32,6,32100001,33500000,1400000,GRCh38,gpos25,Tue Apr 30 17:54:25 2019
6p21.31,6,33500001,36600000,3100000,GRCh38,gneg,Tue Apr 30 17:54:25 2019
6p21.2,6,36600001,40500000,3900000,GRCh38,gpos25,Tue Apr 30 17:54:25 2019
6p21.1,6,40500001,46200000,5700000,GRCh38,gneg,Tue Apr 30 17:54:25 2019
6p12.3,6,46200001,51800000,5600000,GRCh38,gpos100,Tue Apr 30 17:54:25 2019
6p12.2,6,51800001,53000000,1200000,GRCh38,gneg,Tue Apr 30 17:54:25 2019
6p12.1,6,53000001,57200000,4200000,GRCh38,gpos100,Tue Apr 30 17:54:25 2019
6p11.2,6,57200001,58500000,1300000,GRCh38,gneg,Tue Apr 30 17:54:25 2019
6p11.1,6,58500001,59800000,1300000,GRCh38,acen,Tue Apr 30 17:54:25 2019
6q11.1,6,59800001,62600000,2800000,GRCh38,acen,Tue Apr 30 17:54:25 2019
6q11.2,6,62600001,62700000,100000,GRCh38,gneg,Tue Apr 30 17:54:25 2019
6q12,6,62700001,69200000,6500000,GRCh38,gpos100,Tue Apr 30 17:54:25 2019
6q13,6,69200001,75200000,6000000,GRCh38,gneg,Tue Apr 30 17:54:25 2019
6q14.1,6,75200001,83200000,8000000,GRCh38,gpos50,Tue Apr 30 17:54:25 2019
6q14.2,6,83200001,84200000,1000000,GRCh38,gneg,Tue Apr 30 17:54:25 2019
6q14.3,6,84200001,87300000,3100000,GRCh38,gpos50,Tue Apr 30 17:54:25 2019
6q15,6,87300001,92500000,5200000,GRCh38,gneg,Tue Apr 30 17:54:25 2019
6q16.1,6,92500001,98900000,6400000,GRCh38,gpos100,Tue Apr 30 17:54:25 2019
6q16.2,6,98900001,100000000,1100000,GRCh38,gneg,Tue Apr 30 17:54:25 2019
6q16.3,6,100000001,105000000,5000000,GRCh38,gpos100,Tue Apr 30 17:54:25 2019
6q21,6,105000001,114200000,9200000,GRCh38,gneg,Tue Apr 30 17:54:25 2019
6q22.1,6,114200001,117900000,3700000,GRCh38,gpos75,Tue Apr 30 17:54:25 2019
6q22.2,6,117900001,118100000,200000,GRCh38,gneg,Tue Apr 30 17:54:25 2019
6q22.31,6,118100001,125800000,7700000,GRCh38,gpos100,Tue Apr 30 17:54:25 2019
6q22.32,6,125800001,126800000,1000000,GRCh38,gneg,Tue Apr 30 17:54:25 2019
6q22.33,6,126800001,130000000,3200000,GRCh38,gpos75,Tue Apr 30 17:54:25 2019
6q23.1,6,130000001,130900000,900000,GRCh38,gneg,Tue Apr 30 17:54:25 2019
6q23.2,6,130900001,134700000,3800000,GRCh38,gpos50,Tue Apr 30 17:54:25 2019
6q23.3,6,134700001,138300000,3600000,GRCh38,gneg,Tue Apr 30 17:54:25 2019
6q24.1,6,138300001,142200000,3900000,GRCh38,gpos75,Tue Apr 30 17:54:25 2019
6q24.2,6,142200001,145100000,2900000,GRCh38,gneg,Tue Apr 30 17:54:25 2019
6q24.3,6,145100001,148500000,3400000,GRCh38,gpos75,Tue Apr 30 17:54:25 2019
6q25.1,6,148500001,152100000,3600000,GRCh38,gneg,Tue Apr 30 17:54:25 2019
6q25.2,6,152100001,155200000,3100000,GRCh38,gpos50,Tue Apr 30 17:54:25 2019
6q25.3,6,155200001,160600000,5400000,GRCh38,gneg,Tue Apr 30 17:54:25 2019
6q26,6,160600001,164100000,3500000,GRCh38,gpos50,Tue Apr 30 17:54:25 2019
6q27,6,164100001,170805979,6705979,GRCh38,gneg,Tue Apr 30 17:54:25 2019
7p22.3,7,1,2800000,2800000,GRCh38,gneg,Tue Apr 30 17:54:25 2019
7p22.2,7,2800001,4500000,1700000,GRCh38,gpos25,Tue Apr 30 17:54:25 2019
7p22.1,7,4500001,7200000,2700000,GRCh38,gneg,Tue Apr 30 17:54:25 2019
7p21.3,7,7200001,13700000,6500000,GRCh38,gpos100,Tue Apr 30 17:54:25 2019
7p21.2,7,13700001,16500000,2800000,GRCh38,gneg,Tue Apr 30 17:54:25 2019
7p21.1,7,16500001,20900000,4400000,GRCh38,gpos100,Tue Apr 30 17:54:25 2019
7p15.3,7,20900001,25500000,4600000,GRCh38,gneg,Tue Apr 30 17:54:25 2019
7p15.2,7,25500001,27900000,2400000,GRCh38,gpos50,Tue Apr 30 17:54:25 2019
7p15.1,7,27900001,28800000,900000,GRCh38,gneg,Tue Apr 30 17:54:25 2019
7p14.3,7,28800001,34900000,6100000,GRCh38,gpos75,Tue Apr 30 17:54:25 2019
7p14.2,7,34900001,37100000,2200000,GRCh38,gneg,Tue Apr 30 17:54:25 2019
7p14.1,7,37100001,43300000,6200000,GRCh38,gpos75,Tue Apr 30 17:54:25 2019
7p13,7,43300001,45400000,2100000,GRCh38,gneg,Tue Apr 30 17:54:25 2019
7p12.3,7,45400001,49000000,3600000,GRCh38,gpos75,Tue Apr 30 17:54:25 2019
7p12.2,7,49000001,50500000,1500000,GRCh38,gneg,Tue Apr 30 17:54:25 2019
7p12.1,7,50500001,53900000,3400000,GRCh38,gpos75,Tue Apr 30 17:54:25 2019
7p11.2,7,53900001,58100000,4200000,GRCh38,gneg,Tue Apr 30 17:54:25 2019
7p11.1,7,58100001,60100000,2000000,GRCh38,acen,Tue Apr 30 17:54:25 2019
7q11.1,7,60100001,62100000,2000000,GRCh38,acen,Tue Apr 30 17:54:25 2019
7q11.21,7,62100001,67500000,5400000,GRCh38,gneg,Tue Apr 30 17:54:25 2019
7q11.22,7,67500001,72700000,5200000,GRCh38,gpos50,Tue Apr 30 17:54:25 2019
7q11.23,7,72700001,77900000,5200000,GRCh38,gneg,Tue Apr 30 17:54:25 2019
7q21.11,7,77900001,86700000,8800000,GRCh38,gpos100,Tue Apr 30 17:54:25 2019
7q21.12,7,86700001,88500000,1800000,GRCh38,gneg,Tue Apr 30 17:54:25 2019
7q21.13,7,88500001,91500000,3000000,GRCh38,gpos75,Tue Apr 30 17:54:25 2019
7q21.2,7,91500001,93300000,1800000,GRCh38,gneg,Tue Apr 30 17:54:25 2019
7q21.3,7,93300001,98400000,5100000,GRCh38,gpos75,Tue Apr 30 17:54:25 2019
7q22.1,7,98400001,104200000,5800000,GRCh38,gneg,Tue Apr 30 17:54:25 2019
7q22.2,7,104200001,104900000,700000,GRCh38,gpos50,Tue Apr 30 17:54:25 2019
7q22.3,7,104900001,107800000,2900000,GRCh38,gneg,Tue Apr 30 17:54:25 2019
7q31.1,7,107800001,115000000,7200000,GRCh38,gpos75,Tue Apr 30 17:54:25 2019
7q31.2,7,115000001,117700000,2700000,GRCh38,gneg,Tue Apr 30 17:54:25 2019
7q31.31,7,117700001,121400000,3700000,GRCh38,gpos75,Tue Apr 30 17:54:25 2019
7q31.32,7,121400001,124100000,2700000,GRCh38,gneg,Tue Apr 30 17:54:25 2019
7q31.33,7,124100001,127500000,3400000,GRCh38,gpos75,Tue Apr 30 17:54:25 2019
7q32.1,7,127500001,129600000,2100000,GRCh38,gneg,Tue Apr 30 17:54:25 2019
7q32.2,7,129600001,130800000,1200000,GRCh38,gpos25,Tue Apr 30 17:54:25 2019
7q32.3,7,130800001,132900000,2100000,GRCh38,gneg,Tue Apr 30 17:54:25 2019
7q33,7,132900001,138500000,5600000,GRCh38,gpos50,Tue Apr 30 17:54:25 2019
7q34,7,138500001,143400000,4900000,GRCh38,gneg,Tue Apr 30 17:54:25 2019
7q35,7,143400001,148200000,4800000,GRCh38,gpos75,Tue Apr 30 17:54:25 2019
7q36.1,7,148200001,152800000,4600000,GRCh38,gneg,Tue Apr 30 17:54:25 2019
7q36.2,7,152800001,155200000,2400000,GRCh38,gpos25,Tue Apr 30 17:54:25 2019
7q36.3,7,155200001,159345973,4145973,GRCh38,gneg,Tue Apr 30 17:54:25 2019
8p23.3,8,1,2300000,2300000,GRCh38,gneg,Tue Apr 30 17:54:25 2019
8p23.2,8,2300001,6300000,4000000,GRCh38,gpos75,Tue Apr 30 17:54:25 2019
8p23.1,8,6300001,12800000,6500000,GRCh38,gneg,Tue Apr 30 17:54:25 2019
8p22,8,12800001,19200000,6400000,GRCh38,gpos100,Tue Apr 30 17:54:25 2019
8p21.3,8,19200001,23500000,4300000,GRCh38,gneg,Tue Apr 30 17:54:25 2019
8p21.2,8,23500001,27500000,4000000,GRCh38,gpos50,Tue Apr 30 17:54:25 2019
8p21.1,8,27500001,29000000,1500000,GRCh38,gneg,Tue Apr 30 17:54:25 2019
8p12,8,29000001,36700000,7700000,GRCh38,gpos75,Tue Apr 30 17:54:25 2019
8p11.23,8,36700001,38500000,1800000,GRCh38,gneg,Tue Apr 30 17:54:25 2019
8p11.22,8,38500001,39900000,1400000,GRCh38,gpos25,Tue Apr 30 17:54:25 2019
8p11.21,8,39900001,43200000,3300000,GRCh38,gneg,Tue Apr 30 17:54:25 2019
8p11.1,8,43200001,45200000,2000000,GRCh38,acen,Tue Apr 30 17:54:25 2019
8q11.1,8,45200001,47200000,2000000,GRCh38,acen,Tue Apr 30 17:54:25 2019
8q11.21,8,47200001,51300000,4100000,GRCh38,gneg,Tue Apr 30 17:54:25 2019
8q11.22,8,51300001,51700000,400000,GRCh38,gpos75,Tue Apr 30 17:54:25 2019
8q11.23,8,51700001,54600000,2900000,GRCh38,gneg,Tue Apr 30 17:54:25 2019
8q12.1,8,54600001,60600000,6000000,GRCh38,gpos50,Tue Apr 30 17:54:25 2019
8q12.2,8,60600001,61300000,700000,GRCh38,gneg,Tue Apr 30 17:54:25 2019
8q12.3,8,61300001,65100000,3800000,GRCh38,gpos50,Tue Apr 30 17:54:25 2019
8q13.1,8,65100001,67100000,2000000,GRCh38,gneg,Tue Apr 30 17:54:25 2019
8q13.2,8,67100001,69600000,2500000,GRCh38,gpos50,Tue Apr 30 17:54:25 2019
8q13.3,8,69600001,72000000,2400000,GRCh38,gneg,Tue Apr 30 17:54:25 2019
8q21.11,8,72000001,74600000,2600000,GRCh38,gpos100,Tue Apr 30 17:54:25 2019
8q21.12,8,74600001,74700000,100000,GRCh38,gneg,Tue Apr 30 17:54:25 2019
8q21.13,8,74700001,83500000,8800000,GRCh38,gpos75,Tue Apr 30 17:54:25 2019
8q21.2,8,83500001,85900000,2400000,GRCh38,gneg,Tue Apr 30 17:54:25 2019
8q21.3,8,85900001,92300000,6400000,GRCh38,gpos100,Tue Apr 30 17:54:25 2019
8q22.1,8,92300001,97900000,5600000,GRCh38,gneg,Tue Apr 30 17:54:25 2019
8q22.2,8,97900001,100500000,2600000,GRCh38,gpos25,Tue Apr 30 17:54:25 2019
8q22.3,8,100500001,105100000,4600000,GRCh38,gneg,Tue Apr 30 17:54:25 2019
8q23.1,8,105100001,109500000,4400000,GRCh38,gpos75,Tue Apr 30 17:54:25 2019
8q23.2,8,109500001,111100000,1600000,GRCh38,gneg,Tue Apr 30 17:54:25 2019
8q23.3,8,111100001,116700000,5600000,GRCh38,gpos100,Tue Apr 30 17:54:25 2019
8q24.11,8,116700001,118300000,1600000,GRCh38,gneg,Tue Apr 30 17:54:25 2019
8q24.12,8,118300001,121500000,3200000,GRCh38,gpos50,Tue Apr 30 17:54:25 2019
8q24.13,8,121500001,126300000,4800000,GRCh38,gneg,Tue Apr 30 17:54:25 2019
8q24.21,8,126300001,130400000,4100000,GRCh38,gpos50,Tue Apr 30 17:54:25 2019
8q24.22,8,130400001,135400000,5000000,GRCh38,gneg,Tue Apr 30 17:54:25 2019
8q24.23,8,135400001,138900000,3500000,GRCh38,gpos75,Tue Apr 30 17:54:25 2019
8q24.3,8,138900001,145138636,6238636,GRCh38,gneg,Tue Apr 30 17:54:25 2019
9p24.3,9,1,2200000,2200000,GRCh38,gneg,Tue Apr 30 17:54:25 2019
9p24.2,9,2200001,4600000,2400000,GRCh38,gpos25,Tue Apr 30 17:54:25 2019
9p24.1,9,4600001,9000000,4400000,GRCh38,gneg,Tue Apr 30 17:54:25 2019
9p23,9,9000001,14200000,5200000,GRCh38,gpos75,Tue Apr 30 17:54:25 2019
9p22.3,9,14200001,16600000,2400000,GRCh38,gneg,Tue Apr 30 17:54:25 2019
9p22.2,9,16600001,18500000,1900000,GRCh38,gpos25,Tue Apr 30 17:54:25 2019
9p22.1,9,18500001,19900000,1400000,GRCh38,gneg,Tue Apr 30 17:54:25 2019
9p21.3,9,19900001,25600000,5700000,GRCh38,gpos100,Tue Apr 30 17:54:25 2019
9p21.2,9,25600001,28000000,2400000,GRCh38,gneg,Tue Apr 30 17:54:25 2019
9p21.1,9,28000001,33200000,5200000,GRCh38,gpos100,Tue Apr 30 17:54:25 2019
9p13.3,9,33200001,36300000,3100000,GRCh38,gneg,Tue Apr 30 17:54:25 2019
9p13.2,9,36300001,37900000,1600000,GRCh38,gpos25,Tue Apr 30 17:54:25 2019
9p13.1,9,37900001,39000000,1100000,GRCh38,gneg,Tue Apr 30 17:54:25 2019
9p12,9,39000001,40000000,1000000,GRCh38,gpos50,Tue Apr 30 17:54:25 2019
9p11.2,9,40000001,42200000,2200000,GRCh38,gneg,Tue Apr 30 17:54:25 2019
9p11.1,9,42200001,43000000,800000,GRCh38,acen,Tue Apr 30 17:54:25 2019
9q11,9,43000001,45500000,2500000,GRCh38,acen,Tue Apr 30 17:54:25 2019
9q12,9,45500001,61500000,16000000,GRCh38,gvar,Tue Apr 30 17:54:25 2019
9q13,9,61500001,65000000,3500000,GRCh38,gneg,Tue Apr 30 17:54:25 2019
9q21.11,9,65000001,69300000,4300000,GRCh38,gpos25,Tue Apr 30 17:54:25 2019
9q21.12,9,69300001,71300000,2000000,GRCh38,gneg,Tue Apr 30 17:54:25 2019
9q21.13,9,71300001,76600000,5300000,GRCh38,gpos50,Tue Apr 30 17:54:25 2019
9q21.2,9,76600001,78500000,1900000,GRCh38,gneg,Tue Apr 30 17:54:25 2019
9q21.31,9,78500001,81500000,3000000,GRCh38,gpos50,Tue Apr 30 17:54:25 2019
9q21.32,9,81500001,84300000,2800000,GRCh38,gneg,Tue Apr 30 17:54:25 2019
9q21.33,9,84300001,87800000,3500000,GRCh38,gpos50,Tue Apr 30 17:54:25 2019
9q22.1,9,87800001,89200000,1400000,GRCh38,gneg,Tue Apr 30 17:54:25 2019
9q22.2,9,89200001,91200000,2000000,GRCh38,gpos25,Tue Apr 30 17:54:25 2019
9q22.31,9,91200001,93900000,2700000,GRCh38,gneg,Tue Apr 30 17:54:25 2019
9q22.32,9,93900001,96500000,2600000,GRCh38,gpos25,Tue Apr 30 17:54:25 2019
9q22.33,9,96500001,99800000,3300000,GRCh38,gneg,Tue Apr 30 17:54:25 2019
9q31.1,9,99800001,105400000,5600000,GRCh38,gpos100,Tue Apr 30 17:54:25 2019
9q31.2,9,105400001,108500000,3100000,GRCh38,gneg,Tue Apr 30 17:54:25 2019
9q31.3,9,108500001,112100000,3600000,GRCh38,gpos25,Tue Apr 30 17:54:25 2019
9q32,9,112100001,114900000,2800000,GRCh38,gneg,Tue Apr 30 17:54:25 2019
9q33.1,9,114900001,119800000,4900000,GRCh38,gpos75,Tue Apr 30 17:54:25 2019
9q33.2,9,119800001,123100000,3300000,GRCh38,gneg,Tue Apr 30 17:54:25 2019
9q33.3,9,123100001,127500000,4400000,GRCh38,gpos25,Tue Apr 30 17:54:25 2019
9q34.11,9,127500001,130600000,3100000,GRCh38,gneg,Tue Apr 30 17:54:25 2019
9q34.12,9,130600001,131100000,500000,GRCh38,gpos25,Tue Apr 30 17:54:25 2019
9q34.13,9,131100001,133100000,2000000,GRCh38,gneg,Tue Apr 30 17:54:25 2019
9q34.2,9,133100001,134500000,1400000,GRCh38,gpos25,Tue Apr 30 17:54:25 2019
9q34.3,9,134500001,138394717,3894717,GRCh38,gneg,Tue Apr 30 17:54:25 2019
10p15.3,10,1,3000000,3000000,GRCh38,gneg,Tue Apr 30 17:54:25 2019
10p15.2,10,3000001,3800000,800000,GRCh38,gpos25,Tue Apr 30 17:54:25 2019
10p15.1,10,3800001,6600000,2800000,GRCh38,gneg,Tue Apr 30 17:54:25 2019
10p14,10,6600001,12200000,5600000,GRCh38,gpos75,Tue Apr 30 17:54:25 2019
10p13,10,12200001,17300000,5100000,GRCh38,gneg,Tue Apr 30 17:54:25 2019
10p12.33,10,17300001,18300000,1000000,GRCh38,gpos75,Tue Apr 30 17:54:25 2019
10p12.32,10,18300001,18400000,100000,GRCh38,gneg,Tue Apr 30 17:54:25 2019
10p12.31,10,18400001,22300000,3900000,GRCh38,gpos75,Tue Apr 30 17:54:25 2019
10p12.2,10,22300001,24300000,2000000,GRCh38,gneg,Tue Apr 30 17:54:25 2019
10p12.1,10,24300001,29300000,5000000,GRCh38,gpos50,Tue Apr 30 17:54:25 2019
10p11.23,10,29300001,31100000,1800000,GRCh38,gneg,Tue Apr 30 17:54:25 2019
10p11.22,10,31100001,34200000,3100000,GRCh38,gpos25,Tue Apr 30 17:54:25 2019
10p11.21,10,34200001,38000000,3800000,GRCh38,gneg,Tue Apr 30 17:54:25 2019
10p11.1,10,38000001,39800000,1800000,GRCh38,acen,Tue Apr 30 17:54:25 2019
10q11.1,10,39800001,41600000,1800000,GRCh38,acen,Tue Apr 30 17:54:25 2019
10q11.21,10,41600001,45500000,3900000,GRCh38,gneg,Tue Apr 30 17:54:25 2019
10q11.22,10,45500001,48600000,3100000,GRCh38,gpos25,Tue Apr 30 17:54:25 2019
10q11.23,10,48600001,51100000,2500000,GRCh38,gneg,Tue Apr 30 17:54:25 2019
10q21.1,10,51100001,59400000,8300000,GRCh38,gpos100,Tue Apr 30 17:54:25 2019
10q21.2,10,59400001,62800000,3400000,GRCh38,gneg,Tue Apr 30 17:54:25 2019
10q21.3,10,62800001,68800000,6000000,GRCh38,gpos100,Tue Apr 30 17:54:25 2019
10q22.1,10,68800001,73100000,4300000,GRCh38,gneg,Tue Apr 30 17:54:25 2019
10q22.2,10,73100001,75900000,2800000,GRCh38,gpos50,Tue Apr 30 17:54:25 2019
10q22.3,10,75900001,80300000,4400000,GRCh38,gneg,Tue Apr 30 17:54:25 2019
10q23.1,10,80300001,86100000,5800000,GRCh38,gpos100,Tue Apr 30 17:54:25 2019
10q23.2,10,86100001,87700000,1600000,GRCh38,gneg,Tue Apr 30 17:54:25 2019
10q23.31,10,87700001,91100000,3400000,GRCh38,gpos75,Tue Apr 30 17:54:25 2019
10q23.32,10,91100001,92300000,1200000,GRCh38,gneg,Tue Apr 30 17:54:25 2019
10q23.33,10,92300001,95300000,3000000,GRCh38,gpos50,Tue Apr 30 17:54:25 2019
10q24.1,10,95300001,97500000,2200000,GRCh38,gneg,Tue Apr 30 17:54:25 2019
10q24.2,10,97500001,100100000,2600000,GRCh38,gpos50,Tue Apr 30 17:54:25 2019
10q24.31,10,100100001,101200000,1100000,GRCh38,gneg,Tue Apr 30 17:54:25 2019
10q24.32,10,101200001,103100000,1900000,GRCh38,gpos25,Tue Apr 30 17:54:25 2019
10q24.33,10,103100001,104000000,900000,GRCh38,gneg,Tue Apr 30 17:54:25 2019
10q25.1,10,104000001,110100000,6100000,GRCh38,gpos100,Tue Apr 30 17:54:25 2019
10q25.2,10,110100001,113100000,3000000,GRCh38,gneg,Tue Apr 30 17:54:25 2019
10q25.3,10,113100001,117300000,4200000,GRCh38,gpos75,Tue Apr 30 17:54:25 2019
10q26.11,10,117300001,119900000,2600000,GRCh38,gneg,Tue Apr 30 17:54:25 2019
10q26.12,10,119900001,121400000,1500000,GRCh38,gpos50,Tue Apr 30 17:54:25 2019
10q26.13,10,121400001,125700000,4300000,GRCh38,gneg,Tue Apr 30 17:54:25 2019
10q26.2,10,125700001,128800000,3100000,GRCh38,gpos50,Tue Apr 30 17:54:25 2019
10q26.3,10,128800001,133797422,4997422,GRCh38,gneg,Tue Apr 30 17:54:25 2019
11p15.5,11,1,2800000,2800000,GRCh38,gneg,Tue Apr 30 17:54:25 2019
11p15.4,11,2800001,11700000,8900000,GRCh38,gpos50,Tue Apr 30 17:54:25 2019
11p15.3,11,11700001,13800000,2100000,GRCh38,gneg,Tue Apr 30 17:54:25 2019
11p15.2,11,13800001,16900000,3100000,GRCh38,gpos50,Tue Apr 30 17:54:25 2019
11p15.1,11,16900001,22000000,5100000,GRCh38,gneg,Tue Apr 30 17:54:25 2019
11p14.3,11,22000001,26200000,4200000,GRCh38,gpos100,Tue Apr 30 17:54:25 2019
11p14.2,11,26200001,27200000,1000000,GRCh38,gneg,Tue Apr 30 17:54:25 2019
11p14.1,11,27200001,31000000,3800000,GRCh38,gpos75,Tue Apr 30 17:54:25 2019
11p13,11,31000001,36400000,5400000,GRCh38,gneg,Tue Apr 30 17:54:25 2019
11p12,11,36400001,43400000,7000000,GRCh38,gpos100,Tue Apr 30 17:54:25 2019
11p11.2,11,43400001,48800000,5400000,GRCh38,gneg,Tue Apr 30 17:54:25 2019
11p11.12,11,48800001,51000000,2200000,GRCh38,gpos75,Tue Apr 30 17:54:25 2019
11p11.11,11,51000001,53400000,2400000,GRCh38,acen,Tue Apr 30 17:54:25 2019
11q11,11,53400001,55800000,2400000,GRCh38,acen,Tue Apr 30 17:54:25 2019
11q12.1,11,55800001,60100000,4300000,GRCh38,gpos75,Tue Apr 30 17:54:25 2019
11q12.2,11,60100001,61900000,1800000,GRCh38,gneg,Tue Apr 30 17:54:25 2019
11q12.3,11,61900001,63600000,1700000,GRCh38,gpos25,Tue Apr 30 17:54:25 2019
11q13.1,11,63600001,66100000,2500000,GRCh38,gneg,Tue Apr 30 17:54:25 2019
11q13.2,11,66100001,68700000,2600000,GRCh38,gpos25,Tue Apr 30 17:54:25 2019
11q13.3,11,68700001,70500000,1800000,GRCh38,gneg,Tue Apr 30 17:54:25 2019
11q13.4,11,70500001,75500000,5000000,GRCh38,gpos50,Tue Apr 30 17:54:25 2019
11q13.5,11,75500001,77400000,1900000,GRCh38,gneg,Tue Apr 30 17:54:25 2019
11q14.1,11,77400001,85900000,8500000,GRCh38,gpos100,Tue Apr 30 17:54:25 2019
11q14.2,11,85900001,88600000,2700000,GRCh38,gneg,Tue Apr 30 17:54:25 2019
11q14.3,11,88600001,93000000,4400000,GRCh38,gpos100,Tue Apr 30 17:54:25 2019
11q21,11,93000001,97400000,4400000,GRCh38,gneg,Tue Apr 30 17:54:25 2019
11q22.1,11,97400001,102300000,4900000,GRCh38,gpos100,Tue Apr 30 17:54:25 2019
11q22.2,11,102300001,103000000,700000,GRCh38,gneg,Tue Apr 30 17:54:25 2019
11q22.3,11,103000001,110600000,7600000,GRCh38,gpos100,Tue Apr 30 17:54:25 2019
11q23.1,11,110600001,112700000,2100000,GRCh38,gneg,Tue Apr 30 17:54:25 2019
11q23.2,11,112700001,114600000,1900000,GRCh38,gpos50,Tue Apr 30 17:54:25 2019
11q23.3,11,114600001,121300000,6700000,GRCh38,gneg,Tue Apr 30 17:54:25 2019
11q24.1,11,121300001,124000000,2700000,GRCh38,gpos50,Tue Apr 30 17:54:25 2019
11q24.2,11,124000001,127900000,3900000,GRCh38,gneg,Tue Apr 30 17:54:25 2019
11q24.3,11,127900001,130900000,3000000,GRCh38,gpos50,Tue Apr 30 17:54:25 2019
11q25,11,130900001,135086622,4186622,GRCh38,gneg,Tue Apr 30 17:54:25 2019
12p13.33,12,1,3200000,3200000,GRCh38,gneg,Tue Apr 30 17:54:25 2019
12p13.32,12,3200001,5300000,2100000,GRCh38,gpos25,Tue Apr 30 17:54:25 2019
12p13.31,12,5300001,10000000,4700000,GRCh38,gneg,Tue Apr 30 17:54:25 2019
12p13.2,12,10000001,12600000,2600000,GRCh38,gpos75,Tue Apr 30 17:54:25 2019
12p13.1,12,12600001,14600000,2000000,GRCh38,gneg,Tue Apr 30 17:54:25 2019
12p12.3,12,14600001,19800000,5200000,GRCh38,gpos100,Tue Apr 30 17:54:25 2019
12p12.2,12,19800001,21100000,1300000,GRCh38,gneg,Tue Apr 30 17:54:25 2019
12p12.1,12,21100001,26300000,5200000,GRCh38,gpos100,Tue Apr 30 17:54:25 2019
12p11.23,12,26300001,27600000,1300000,GRCh38,gneg,Tue Apr 30 17:54:25 2019
12p11.22,12,27600001,30500000,2900000,GRCh38,gpos50,Tue Apr 30 17:54:25 2019
12p11.21,12,30500001,33200000,2700000,GRCh38,gneg,Tue Apr 30 17:54:25 2019
12p11.1,12,33200001,35500000,2300000,GRCh38,acen,Tue Apr 30 17:54:25 2019
12q11,12,35500001,37800000,2300000,GRCh38,acen,Tue Apr 30 17:54:25 2019
12q12,12,37800001,46000000,8200000,GRCh38,gpos100,Tue Apr 30 17:54:25 2019
12q13.11,12,46000001,48700000,2700000,GRCh38,gneg,Tue Apr 30 17:54:25 2019
12q13.12,12,48700001,51100000,2400000,GRCh38,gpos25,Tue Apr 30 17:54:25 2019
12q13.13,12,51100001,54500000,3400000,GRCh38,gneg,Tue Apr 30 17:54:25 2019
12q13.2,12,54500001,56200000,1700000,GRCh38,gpos25,Tue Apr 30 17:54:25 2019
12q13.3,12,56200001,57700000,1500000,GRCh38,gneg,Tue Apr 30 17:54:25 2019
12q14.1,12,57700001,62700000,5000000,GRCh38,gpos75,Tue Apr 30 17:54:25 2019
12q14.2,12,62700001,64700000,2000000,GRCh38,gneg,Tue Apr 30 17:54:25 2019
12q14.3,12,64700001,67300000,2600000,GRCh38,gpos50,Tue Apr 30 17:54:25 2019
12q15,12,67300001,71100000,3800000,GRCh38,gneg,Tue Apr 30 17:54:25 2019
12q21.1,12,71100001,75300000,4200000,GRCh38,gpos75,Tue Apr 30 17:54:25 2019
12q21.2,12,75300001,79900000,4600000,GRCh38,gneg,Tue Apr 30 17:54:25 2019
12q21.31,12,79900001,86300000,6400000,GRCh38,gpos100,Tue Apr 30 17:54:25 2019
12q21.32,12,86300001,88600000,2300000,GRCh38,gneg,Tue Apr 30 17:54:25 2019
12q21.33,12,88600001,92200000,3600000,GRCh38,gpos100,Tue Apr 30 17:54:25 2019
12q22,12,92200001,95800000,3600000,GRCh38,gneg,Tue Apr 30 17:54:25 2019
12q23.1,12,95800001,101200000,5400000,GRCh38,gpos75,Tue Apr 30 17:54:25 2019
12q23.2,12,101200001,103500000,2300000,GRCh38,gneg,Tue Apr 30 17:54:25 2019
12q23.3,12,103500001,108600000,5100000,GRCh38,gpos50,Tue Apr 30 17:54:25 2019
12q24.11,12,108600001,111300000,2700000,GRCh38,gneg,Tue Apr 30 17:54:25 2019
12q24.12,12,111300001,111900000,600000,GRCh38,gpos25,Tue Apr 30 17:54:25 2019
12q24.13,12,111900001,113900000,2000000,GRCh38,gneg,Tue Apr 30 17:54:25 2019
12q24.21,12,113900001,116400000,2500000,GRCh38,gpos50,Tue Apr 30 17:54:25 2019
12q24.22,12,116400001,117700000,1300000,GRCh38,gneg,Tue Apr 30 17:54:25 2019
12q24.23,12,117700001,120300000,2600000,GRCh38,gpos50,Tue Apr 30 17:54:25 2019
12q24.31,12,120300001,125400000,5100000,GRCh38,gneg,Tue Apr 30 17:54:25 2019
12q24.32,12,125400001,128700000,3300000,GRCh38,gpos50,Tue Apr 30 17:54:25 2019
12q24.33,12,128700001,133275309,4575309,GRCh38,gneg,Tue Apr 30 17:54:25 2019
13p13,13,1,4600000,4600000,GRCh38,gvar,Tue Apr 30 17:54:25 2019
13p12,13,4600001,10100000,5500000,GRCh38,stalk,Tue Apr 30 17:54:25 2019
13p11.2,13,10100001,16500000,6400000,GRCh38,gvar,Tue Apr 30 17:54:25 2019
13p11.1,13,16500001,17700000,1200000,GRCh38,acen,Tue Apr 30 17:54:25 2019
13q11,13,17700001,18900000,1200000,GRCh38,acen,Tue Apr 30 17:54:25 2019
13q12.11,13,18900001,22600000,3700000,GRCh38,gneg,Tue Apr 30 17:54:25 2019
13q12.12,13,22600001,24900000,2300000,GRCh38,gpos25,Tue Apr 30 17:54:25 2019
13q12.13,13,24900001,27200000,2300000,GRCh38,gneg,Tue Apr 30 17:54:25 2019
13q12.2,13,27200001,28300000,1100000,GRCh38,gpos25,Tue Apr 30 17:54:25 2019
13q12.3,13,28300001,31600000,3300000,GRCh38,gneg,Tue Apr 30 17:54:25 2019
13q13.1,13,31600001,33400000,1800000,GRCh38,gpos50,Tue Apr 30 17:54:25 2019
13q13.2,13,33400001,34900000,1500000,GRCh38,gneg,Tue Apr 30 17:54:25 2019
13q13.3,13,34900001,39500000,4600000,GRCh38,gpos75,Tue Apr 30 17:54:25 2019
13q14.11,13,39500001,44600000,5100000,GRCh38,gneg,Tue Apr 30 17:54:25 2019
13q14.12,13,44600001,45200000,600000,GRCh38,gpos25,Tue Apr 30 17:54:25 2019
13q14.13,13,45200001,46700000,1500000,GRCh38,gneg,Tue Apr 30 17:54:25 2019
13q14.2,13,46700001,50300000,3600000,GRCh38,gpos50,Tue Apr 30 17:54:25 2019
13q14.3,13,50300001,54700000,4400000,GRCh38,gneg,Tue Apr 30 17:54:25 2019
13q21.1,13,54700001,59000000,4300000,GRCh38,gpos100,Tue Apr 30 17:54:25 2019
13q21.2,13,59000001,61800000,2800000,GRCh38,gneg,Tue Apr 30 17:54:25 2019
13q21.31,13,61800001,65200000,3400000,GRCh38,gpos75,Tue Apr 30 17:54:25 2019
13q21.32,13,65200001,68100000,2900000,GRCh38,gneg,Tue Apr 30 17:54:25 2019
13q21.33,13,68100001,72800000,4700000,GRCh38,gpos100,Tue Apr 30 17:54:25 2019
13q22.1,13,72800001,74900000,2100000,GRCh38,gneg,Tue Apr 30 17:54:25 2019
13q22.2,13,74900001,76700000,1800000,GRCh38,gpos50,Tue Apr 30 17:54:25 2019
13q22.3,13,76700001,78500000,1800000,GRCh38,gneg,Tue Apr 30 17:54:25 2019
13q31.1,13,78500001,87100000,8600000,GRCh38,gpos100,Tue Apr 30 17:54:25 2019
13q31.2,13,87100001,89400000,2300000,GRCh38,gneg,Tue Apr 30 17:54:25 2019
13q31.3,13,89400001,94400000,5000000,GRCh38,gpos100,Tue Apr 30 17:54:25 2019
13q32.1,13,94400001,97500000,3100000,GRCh38,gneg,Tue Apr 30 17:54:25 2019
13q32.2,13,97500001,98700000,1200000,GRCh38,gpos25,Tue Apr 30 17:54:25 2019
13q32.3,13,98700001,101100000,2400000,GRCh38,gneg,Tue Apr 30 17:54:25 2019
13q33.1,13,101100001,104200000,3100000,GRCh38,gpos100,Tue Apr 30 17:54:25 2019
13q33.2,13,104200001,106400000,2200000,GRCh38,gneg,Tue Apr 30 17:54:25 2019
13q33.3,13,106400001,109600000,3200000,GRCh38,gpos100,Tue Apr 30 17:54:25 2019
13q34,13,109600001,114364328,4764328,GRCh38,gneg,Tue Apr 30 17:54:25 2019
14p13,14,1,3600000,3600000,GRCh38,gvar,Tue Apr 30 17:54:25 2019
14p12,14,3600001,8000000,4400000,GRCh38,stalk,Tue Apr 30 17:54:25 2019
14p11.2,14,8000001,16100000,8100000,GRCh38,gvar,Tue Apr 30 17:54:25 2019
14p11.1,14,16100001,17200000,1100000,GRCh38,acen,Tue Apr 30 17:54:25 2019
14q11.1,14,17200001,18200000,1000000,GRCh38,acen,Tue Apr 30 17:54:25 2019
14q11.2,14,18200001,24100000,5900000,GRCh38,gneg,Tue Apr 30 17:54:25 2019
14q12,14,24100001,32900000,8800000,GRCh38,gpos100,Tue Apr 30 17:54:25 2019
14q13.1,14,32900001,34800000,1900000,GRCh38,gneg,Tue Apr 30 17:54:25 2019
14q13.2,14,34800001,36100000,1300000,GRCh38,gpos50,Tue Apr 30 17:54:25 2019
14q13.3,14,36100001,37400000,1300000,GRCh38,gneg,Tue Apr 30 17:54:25 2019
14q21.1,14,37400001,43000000,5600000,GRCh38,gpos100,Tue Apr 30 17:54:25 2019
14q21.2,14,43000001,46700000,3700000,GRCh38,gneg,Tue Apr 30 17:54:25 2019
14q21.3,14,46700001,50400000,3700000,GRCh38,gpos100,Tue Apr 30 17:54:25 2019
14q22.1,14,50400001,53600000,3200000,GRCh38,gneg,Tue Apr 30 17:54:25 2019
14q22.2,14,53600001,55000000,1400000,GRCh38,gpos25,Tue Apr 30 17:54:25 2019
14q22.3,14,55000001,57600000,2600000,GRCh38,gneg,Tue Apr 30 17:54:25 2019
14q23.1,14,57600001,61600000,4000000,GRCh38,gpos75,Tue Apr 30 17:54:25 2019
14q23.2,14,61600001,64300000,2700000,GRCh38,gneg,Tue Apr 30 17:54:25 2019
14q23.3,14,64300001,67400000,3100000,GRCh38,gpos50,Tue Apr 30 17:54:25 2019
14q24.1,14,67400001,69800000,2400000,GRCh38,gneg,Tue Apr 30 17:54:25 2019
14q24.2,14,69800001,73300000,3500000,GRCh38,gpos50,Tue Apr 30 17:54:25 2019
14q24.3,14,73300001,78800000,5500000,GRCh38,gneg,Tue Apr 30 17:54:25 2019
14q31.1,14,78800001,83100000,4300000,GRCh38,gpos100,Tue Apr 30 17:54:25 2019
14q31.2,14,83100001,84400000,1300000,GRCh38,gneg,Tue Apr 30 17:54:25 2019
14q31.3,14,84400001,89300000,4900000,GRCh38,gpos100,Tue Apr 30 17:54:25 2019
14q32.11,14,89300001,91400000,2100000,GRCh38,gneg,Tue Apr 30 17:54:25 2019
14q32.12,14,91400001,94200000,2800000,GRCh38,gpos25,Tue Apr 30 17:54:25 2019
14q32.13,14,94200001,95800000,1600000,GRCh38,gneg,Tue Apr 30 17:54:25 2019
14q32.2,14,95800001,100900000,5100000,GRCh38,gpos50,Tue Apr 30 17:54:25 2019
14q32.31,14,100900001,102700000,1800000,GRCh38,gneg,Tue Apr 30 17:54:25 2019
14q32.32,14,102700001,103500000,800000,GRCh38,gpos50,Tue Apr 30 17:54:25 2019
14q32.33,14,103500001,107043718,3543718,GRCh38,gneg,Tue Apr 30 17:54:25 2019
15p13,15,1,4200000,4200000,GRCh38,gvar,Tue Apr 30 17:54:25 2019
15p12,15,4200001,9700000,5500000,GRCh38,stalk,Tue Apr 30 17:54:25 2019
15p11.2,15,9700001,17500000,7800000,GRCh38,gvar,Tue Apr 30 17:54:25 2019
15p11.1,15,17500001,19000000,1500000,GRCh38,acen,Tue Apr 30 17:54:25 2019
15q11.1,15,19000001,20500000,1500000,GRCh38,acen,Tue Apr 30 17:54:25 2019
15q11.2,15,20500001,25500000,5000000,GRCh38,gneg,Tue Apr 30 17:54:25 2019
15q12,15,25500001,27800000,2300000,GRCh38,gpos50,Tue Apr 30 17:54:25 2019
15q13.1,15,27800001,30000000,2200000,GRCh38,gneg,Tue Apr 30 17:54:25 2019
15q13.2,15,30000001,30900000,900000,GRCh38,gpos50,Tue Apr 30 17:54:25 2019
15q13.3,15,30900001,33400000,2500000,GRCh38,gneg,Tue Apr 30 17:54:25 2019
15q14,15,33400001,39800000,6400000,GRCh38,gpos75,Tue Apr 30 17:54:25 2019
15q15.1,15,39800001,42500000,2700000,GRCh38,gneg,Tue Apr 30 17:54:25 2019
15q15.2,15,42500001,43300000,800000,GRCh38,gpos25,Tue Apr 30 17:54:25 2019
15q15.3,15,43300001,44500000,1200000,GRCh38,gneg,Tue Apr 30 17:54:25 2019
15q21.1,15,44500001,49200000,4700000,GRCh38,gpos75,Tue Apr 30 17:54:25 2019
15q21.2,15,49200001,52600000,3400000,GRCh38,gneg,Tue Apr 30 17:54:25 2019
15q21.3,15,52600001,58800000,6200000,GRCh38,gpos75,Tue Apr 30 17:54:25 2019
15q22.1,15,58800001,59000000,200000,GRCh38,gneg,Tue Apr 30 17:54:25 2019
15q22.2,15,59000001,63400000,4400000,GRCh38,gpos25,Tue Apr 30 17:54:25 2019
15q22.31,15,63400001,66900000,3500000,GRCh38,gneg,Tue Apr 30 17:54:25 2019
15q22.32,15,66900001,67000000,100000,GRCh38,gpos25,Tue Apr 30 17:54:25 2019
15q22.33,15,67000001,67200000,200000,GRCh38,gneg,Tue Apr 30 17:54:25 2019
15q23,15,67200001,72400000,5200000,GRCh38,gpos25,Tue Apr 30 17:54:25 2019
15q24.1,15,72400001,74900000,2500000,GRCh38,gneg,Tue Apr 30 17:54:25 2019
15q24.2,15,74900001,76300000,1400000,GRCh38,gpos25,Tue Apr 30 17:54:25 2019
15q24.3,15,76300001,78000000,1700000,GRCh38,gneg,Tue Apr 30 17:54:25 2019
15q25.1,15,78000001,81400000,3400000,GRCh38,gpos50,Tue Apr 30 17:54:25 2019
15q25.2,15,81400001,84700000,3300000,GRCh38,gneg,Tue Apr 30 17:54:25 2019
15q25.3,15,84700001,88500000,3800000,GRCh38,gpos50,Tue Apr 30 17:54:25 2019
15q26.1,15,88500001,93800000,5300000,GRCh38,gneg,Tue Apr 30 17:54:25 2019
15q26.2,15,93800001,98000000,4200000,GRCh38,gpos50,Tue Apr 30 17:54:25 2019
15q26.3,15,98000001,101991189,3991189,GRCh38,gneg,Tue Apr 30 17:54:25 2019
16p13.3,16,1,7800000,7800000,GRCh38,gneg,Tue Apr 30 17:54:25 2019
16p13.2,16,7800001,10400000,2600000,GRCh38,gpos50,Tue Apr 30 17:54:25 2019
16p13.13,16,10400001,12500000,2100000,GRCh38,gneg,Tue Apr 30 17:54:25 2019
16p13.12,16,12500001,14700000,2200000,GRCh38,gpos50,Tue Apr 30 17:54:25 2019
16p13.11,16,14700001,16700000,2000000,GRCh38,gneg,Tue Apr 30 17:54:25 2019
16p12.3,16,16700001,21200000,4500000,GRCh38,gpos50,Tue Apr 30 17:54:25 2019
16p12.2,16,21200001,24200000,3000000,GRCh38,gneg,Tue Apr 30 17:54:25 2019
16p12.1,16,24200001,28500000,4300000,GRCh38,gpos50,Tue Apr 30 17:54:25 2019
16p11.2,16,28500001,35300000,6800000,GRCh38,gneg,Tue Apr 30 17:54:25 2019
16p11.1,16,35300001,36800000,1500000,GRCh38,acen,Tue Apr 30 17:54:25 2019
16q11.1,16,36800001,38400000,1600000,GRCh38,acen,Tue Apr 30 17:54:25 2019
16q11.2,16,38400001,47000000,8600000,GRCh38,gvar,Tue Apr 30 17:54:25 2019
16q12.1,16,47000001,52600000,5600000,GRCh38,gneg,Tue Apr 30 17:54:25 2019
16q12.2,16,52600001,56000000,3400000,GRCh38,gpos50,Tue Apr 30 17:54:25 2019
16q13,16,56000001,57300000,1300000,GRCh38,gneg,Tue Apr 30 17:54:25 2019
16q21,16,57300001,66600000,9300000,GRCh38,gpos100,Tue Apr 30 17:54:25 2019
16q22.1,16,66600001,70800000,4200000,GRCh38,gneg,Tue Apr 30 17:54:25 2019
16q22.2,16,70800001,72800000,2000000,GRCh38,gpos50,Tue Apr 30 17:54:25 2019
16q22.3,16,72800001,74100000,1300000,GRCh38,gneg,Tue Apr 30 17:54:25 2019
16q23.1,16,74100001,79200000,5100000,GRCh38,gpos75,Tue Apr 30 17:54:25 2019
16q23.2,16,79200001,81600000,2400000,GRCh38,gneg,Tue Apr 30 17:54:25 2019
16q23.3,16,81600001,84100000,2500000,GRCh38,gpos50,Tue Apr 30 17:54:25 2019
16q24.1,16,84100001,87000000,2900000,GRCh38,gneg,Tue Apr 30 17:54:25 2019
16q24.2,16,87000001,88700000,1700000,GRCh38,gpos25,Tue Apr 30 17:54:25 2019
16q24.3,16,88700001,90338345,1638345,GRCh38,gneg,Tue Apr 30 17:54:25 2019
17p13.3,17,1,3400000,3400000,GRCh38,gneg,Tue Apr 30 17:54:25 2019
17p13.2,17,3400001,6500000,3100000,GRCh38,gpos50,Tue Apr 30 17:54:25 2019
17p13.1,17,6500001,10800000,4300000,GRCh38,gneg,Tue Apr 30 17:54:25 2019
17p12,17,10800001,16100000,5300000,GRCh38,gpos75,Tue Apr 30 17:54:25 2019
17p11.2,17,16100001,22700000,6600000,GRCh38,gneg,Tue Apr 30 17:54:25 2019
17p11.1,17,22700001,25100000,2400000,GRCh38,acen,Tue Apr 30 17:54:25 2019
17q11.1,17,25100001,27400000,2300000,GRCh38,acen,Tue Apr 30 17:54:25 2019
17q11.2,17,27400001,33500000,6100000,GRCh38,gneg,Tue Apr 30 17:54:25 2019
17q12,17,33500001,39800000,6300000,GRCh38,gpos50,Tue Apr 30 17:54:25 2019
17q21.1,17,39800001,40200000,400000,GRCh38,gneg,Tue Apr 30 17:54:25 2019
17q21.2,17,40200001,42800000,2600000,GRCh38,gpos25,Tue Apr 30 17:54:25 2019
17q21.31,17,42800001,46800000,4000000,GRCh38,gneg,Tue Apr 30 17:54:25 2019
17q21.32,17,46800001,49300000,2500000,GRCh38,gpos25,Tue Apr 30 17:54:25 2019
17q21.33,17,49300001,52100000,2800000,GRCh38,gneg,Tue Apr 30 17:54:25 2019
17q22,17,52100001,59500000,7400000,GRCh38,gpos75,Tue Apr 30 17:54:25 2019
17q23.1,17,59500001,60200000,700000,GRCh38,gneg,Tue Apr 30 17:54:25 2019
17q23.2,17,60200001,63100000,2900000,GRCh38,gpos75,Tue Apr 30 17:54:25 2019
17q23.3,17,63100001,64600000,1500000,GRCh38,gneg,Tue Apr 30 17:54:25 2019
17q24.1,17,64600001,66200000,1600000,GRCh38,gpos50,Tue Apr 30 17:54:25 2019
17q24.2,17,66200001,69100000,2900000,GRCh38,gneg,Tue Apr 30 17:54:25 2019
17q24.3,17,69100001,72900000,3800000,GRCh38,gpos75,Tue Apr 30 17:54:25 2019
17q25.1,17,72900001,76800000,3900000,GRCh38,gneg,Tue Apr 30 17:54:25 2019
17q25.2,17,76800001,77200000,400000,GRCh38,gpos25,Tue Apr 30 17:54:25 2019
17q25.3,17,77200001,83257441,6057441,GRCh38,gneg,Tue Apr 30 17:54:25 2019
18p11.32,18,1,2900000,2900000,GRCh38,gneg,Tue Apr 30 17:54:25 2019
18p11.31,18,2900001,7200000,4300000,GRCh38,gpos50,Tue Apr 30 17:54:25 2019
18p11.23,18,7200001,8500000,1300000,GRCh38,gneg,Tue Apr 30 17:54:25 2019
18p11.22,18,8500001,10900000,2400000,GRCh38,gpos25,Tue Apr 30 17:54:25 2019
18p11.21,18,10900001,15400000,4500000,GRCh38,gneg,Tue Apr 30 17:54:25 2019
18p11.1,18,15400001,18500000,3100000,GRCh38,acen,Tue Apr 30 17:54:25 2019
18q11.1,18,18500001,21500000,3000000,GRCh38,acen,Tue Apr 30 17:54:25 2019
18q11.2,18,21500001,27500000,6000000,GRCh38,gneg,Tue Apr 30 17:54:25 2019
18q12.1,18,27500001,35100000,7600000,GRCh38,gpos100,Tue Apr 30 17:54:25 2019
18q12.2,18,35100001,39500000,4400000,GRCh38,gneg,Tue Apr 30 17:54:25 2019
18q12.3,18,39500001,45900000,6400000,GRCh38,gpos75,Tue Apr 30 17:54:25 2019
18q21.1,18,45900001,50700000,4800000,GRCh38,gneg,Tue Apr 30 17:54:25 2019
18q21.2,18,50700001,56200000,5500000,GRCh38,gpos75,Tue Apr 30 17:54:25 2019
18q21.31,18,56200001,58600000,2400000,GRCh38,gneg,Tue Apr 30 17:54:25 2019
18q21.32,18,58600001,61300000,2700000,GRCh38,gpos50,Tue Apr 30 17:54:25 2019
18q21.33,18,61300001,63900000,2600000,GRCh38,gneg,Tue Apr 30 17:54:25 2019
18q22.1,18,63900001,69100000,5200000,GRCh38,gpos100,Tue Apr 30 17:54:25 2019
18q22.2,18,69100001,71000000,1900000,GRCh38,gneg,Tue Apr 30 17:54:25 2019
18q22.3,18,71000001,75400000,4400000,GRCh38,gpos25,Tue Apr 30 17:54:25 2019
18q23,18,75400001,80373285,4973285,GRCh38,gneg,Tue Apr 30 17:54:25 2019
19p13.3,19,1,6900000,6900000,GRCh38,gneg,Tue Apr 30 17:54:25 2019
19p13.2,19,6900001,12600000,5700000,GRCh38,gpos25,Tue Apr 30 17:54:25 2019
19p13.13,19,12600001,13800000,1200000,GRCh38,gneg,Tue Apr 30 17:54:25 2019
19p13.12,19,13800001,16100000,2300000,GRCh38,gpos25,Tue Apr 30 17:54:25 2019
19p13.11,19,16100001,19900000,3800000,GRCh38,gneg,Tue Apr 30 17:54:25 2019
19p12,19,19900001,24200000,4300000,GRCh38,gvar,Tue Apr 30 17:54:25 2019
19p11,19,24200001,26200000,2000000,GRCh38,acen,Tue Apr 30 17:54:25 2019
19q11,19,26200001,28100000,1900000,GRCh38,acen,Tue Apr 30 17:54:25 2019
19q12,19,28100001,31900000,3800000,GRCh38,gvar,Tue Apr 30 17:54:25 2019
19q13.11,19,31900001,35100000,3200000,GRCh38,gneg,Tue Apr 30 17:54:25 2019
19q13.12,19,35100001,37800000,2700000,GRCh38,gpos25,Tue Apr 30 17:54:25 2019
19q13.13,19,37800001,38200000,400000,GRCh38,gneg,Tue Apr 30 17:54:25 2019
19q13.2,19,38200001,42900000,4700000,GRCh38,gpos25,Tue Apr 30 17:54:25 2019
19q13.31,19,42900001,44700000,1800000,GRCh38,gneg,Tue Apr 30 17:54:25 2019
19q13.32,19,44700001,47500000,2800000,GRCh38,gpos25,Tue Apr 30 17:54:25 2019
19q13.33,19,47500001,50900000,3400000,GRCh38,gneg,Tue Apr 30 17:54:25 2019
19q13.41,19,50900001,53100000,2200000,GRCh38,gpos25,Tue Apr 30 17:54:25 2019
19q13.42,19,53100001,55800000,2700000,GRCh38,gneg,Tue Apr 30 17:54:25 2019
19q13.43,19,55800001,58617616,2817616,GRCh38,gpos25,Tue Apr 30 17:54:25 2019
20p13,20,1,5100000,5100000,GRCh38,gneg,Tue Apr 30 17:54:25 2019
20p12.3,20,5100001,9200000,4100000,GRCh38,gpos75,Tue Apr 30 17:54:25 2019
20p12.2,20,9200001,12000000,2800000,GRCh38,gneg,Tue Apr 30 17:54:25 2019
20p12.1,20,12000001,17900000,5900000,GRCh38,gpos75,Tue Apr 30 17:54:25 2019
20p11.23,20,17900001,21300000,3400000,GRCh38,gneg,Tue Apr 30 17:54:25 2019
20p11.22,20,21300001,22300000,1000000,GRCh38,gpos25,Tue Apr 30 17:54:25 2019
20p11.21,20,22300001,25700000,3400000,GRCh38,gneg,Tue Apr 30 17:54:25 2019
20p11.1,20,25700001,28100000,2400000,GRCh38,acen,Tue Apr 30 17:54:25 2019
20q11.1,20,28100001,30400000,2300000,GRCh38,acen,Tue Apr 30 17:54:25 2019
20q11.21,20,30400001,33500000,3100000,GRCh38,gneg,Tue Apr 30 17:54:25 2019
20q11.22,20,33500001,35800000,2300000,GRCh38,gpos25,Tue Apr 30 17:54:25 2019
20q11.23,20,35800001,39000000,3200000,GRCh38,gneg,Tue Apr 30 17:54:25 2019
20q12,20,39000001,43100000,4100000,GRCh38,gpos75,Tue Apr 30 17:54:25 2019
20q13.11,20,43100001,43500000,400000,GRCh38,gneg,Tue Apr 30 17:54:25 2019
20q13.12,20,43500001,47800000,4300000,GRCh38,gpos25,Tue Apr 30 17:54:25 2019
20q13.13,20,47800001,51200000,3400000,GRCh38,gneg,Tue Apr 30 17:54:25 2019
20q13.2,20,51200001,56400000,5200000,GRCh38,gpos75,Tue Apr 30 17:54:25 2019
20q13.31,20,56400001,57800000,1400000,GRCh38,gneg,Tue Apr 30 17:54:25 2019
20q13.32,20,57800001,59700000,1900000,GRCh38,gpos50,Tue Apr 30 17:54:25 2019
20q13.33,20,59700001,64444167,4744167,GRCh38,gneg,Tue Apr 30 17:54:25 2019
21p13,21,1,3100000,3100000,GRCh38,gvar,Tue Apr 30 17:54:25 2019
21p12,21,3100001,7000000,3900000,GRCh38,stalk,Tue Apr 30 17:54:25 2019
21p11.2,21,7000001,10900000,3900000,GRCh38,gvar,Tue Apr 30 17:54:25 2019
21p11.1,21,10900001,12000000,1100000,GRCh38,acen,Tue Apr 30 17:54:25 2019
21q11.1,21,12000001,13000000,1000000,GRCh38,acen,Tue Apr 30 17:54:25 2019
21q11.2,21,13000001,15000000,2000000,GRCh38,gneg,Tue Apr 30 17:54:25 2019
21q21.1,21,15000001,22600000,7600000,GRCh38,gpos100,Tue Apr 30 17:54:25 2019
21q21.2,21,22600001,25500000,2900000,GRCh38,gneg,Tue Apr 30 17:54:25 2019
21q21.3,21,25500001,30200000,4700000,GRCh38,gpos75,Tue Apr 30 17:54:25 2019
21q22.11,21,30200001,34400000,4200000,GRCh38,gneg,Tue Apr 30 17:54:25 2019
21q22.12,21,34400001,36400000,2000000,GRCh38,gpos50,Tue Apr 30 17:54:25 2019
21q22.13,21,36400001,38300000,1900000,GRCh38,gneg,Tue Apr 30 17:54:25 2019
21q22.2,21,38300001,41200000,2900000,GRCh38,gpos50,Tue Apr 30 17:54:25 2019
21q22.3,21,41200001,46709983,5509983,GRCh38,gneg,Tue Apr 30 17:54:25 2019
22p13,22,1,4300000,4300000,GRCh38,gvar,Tue Apr 30 17:54:25 2019
22p12,22,4300001,9400000,5100000,GRCh38,stalk,Tue Apr 30 17:54:25 2019
22p11.2,22,9400001,13700000,4300000,GRCh38,gvar,Tue Apr 30 17:54:25 2019
22p11.1,22,13700001,15000000,1300000,GRCh38,acen,Tue Apr 30 17:54:25 2019
22q11.1,22,15000001,17400000,2400000,GRCh38,acen,Tue Apr 30 17:54:25 2019
22q11.21,22,17400001,21700000,4300000,GRCh38,gneg,Tue Apr 30 17:54:25 2019
22q11.22,22,21700001,23100000,1400000,GRCh38,gpos25,Tue Apr 30 17:54:25 2019
22q11.23,22,23100001,25500000,2400000,GRCh38,gneg,Tue Apr 30 17:54:25 2019
22q12.1,22,25500001,29200000,3700000,GRCh38,gpos50,Tue Apr 30 17:54:25 2019
22q12.2,22,29200001,31800000,2600000,GRCh38,gneg,Tue Apr 30 17:54:25 2019
22q12.3,22,31800001,37200000,5400000,GRCh38,gpos50,Tue Apr 30 17:54:25 2019
22q13.1,22,37200001,40600000,3400000,GRCh38,gneg,Tue Apr 30 17:54:25 2019
22q13.2,22,40600001,43800000,3200000,GRCh38,gpos50,Tue Apr 30 17:54:25 2019
22q13.31,22,43800001,48100000,4300000,GRCh38,gneg,Tue Apr 30 17:54:25 2019
22q13.32,22,48100001,49100000,1000000,GRCh38,gpos50,Tue Apr 30 17:54:25 2019
22q13.33,22,49100001,50818468,1718468,GRCh38,gneg,Tue Apr 30 17:54:25 2019
Xp22.33,X,1,4400000,4400000,GRCh38,gneg,Tue Apr 30 17:54:25 2019
Xp22.32,X,4400001,6100000,1700000,GRCh38,gpos50,Tue Apr 30 17:54:25 2019
Xp22.31,X,6100001,9600000,3500000,GRCh38,gneg,Tue Apr 30 17:54:25 2019
Xp22.2,X,9600001,17400000,7800000,GRCh38,gpos50,Tue Apr 30 17:54:25 2019
Xp22.13,X,17400001,19200000,1800000,GRCh38,gneg,Tue Apr 30 17:54:25 2019
Xp22.12,X,19200001,21900000,2700000,GRCh38,gpos50,Tue Apr 30 17:54:25 2019
Xp22.11,X,21900001,24900000,3000000,GRCh38,gneg,Tue Apr 30 17:54:25 2019
Xp21.3,X,24900001,29300000,4400000,GRCh38,gpos100,Tue Apr 30 17:54:25 2019
Xp21.2,X,29300001,31500000,2200000,GRCh38,gneg,Tue Apr 30 17:54:25 2019
Xp21.1,X,31500001,37800000,6300000,GRCh38,gpos100,Tue Apr 30 17:54:25 2019
Xp11.4,X,37800001,42500000,4700000,GRCh38,gneg,Tue Apr 30 17:54:25 2019
Xp11.3,X,42500001,47600000,5100000,GRCh38,gpos75,Tue Apr 30 17:54:25 2019
Xp11.23,X,47600001,50100000,2500000,GRCh38,gneg,Tue Apr 30 17:54:25 2019
Xp11.22,X,50100001,54800000,4700000,GRCh38,gpos25,Tue Apr 30 17:54:25 2019
Xp11.21,X,54800001,58100000,3300000,GRCh38,gneg,Tue Apr 30 17:54:25 2019
Xp11.1,X,58100001,61000000,2900000,GRCh38,acen,Tue Apr 30 17:54:25 2019
Xq11.1,X,61000001,63800000,2800000,GRCh38,acen,Tue Apr 30 17:54:25 2019
Xq11.2,X,63800001,65400000,1600000,GRCh38,gneg,Tue Apr 30 17:54:25 2019
Xq12,X,65400001,68500000,3100000,GRCh38,gpos50,Tue Apr 30 17:54:25 2019
Xq13.1,X,68500001,73000000,4500000,GRCh38,gneg,Tue Apr 30 17:54:25 2019
Xq13.2,X,73000001,74700000,1700000,GRCh38,gpos50,Tue Apr 30 17:54:25 2019
Xq13.3,X,74700001,76800000,2100000,GRCh38,gneg,Tue Apr 30 17:54:25 2019
Xq21.1,X,76800001,85400000,8600000,GRCh38,gpos100,Tue Apr 30 17:54:25 2019
Xq21.2,X,85400001,87000000,1600000,GRCh38,gneg,Tue Apr 30 17:54:25 2019
Xq21.31,X,87000001,92700000,5700000,GRCh38,gpos100,Tue Apr 30 17:54:25 2019
Xq21.32,X,92700001,94300000,1600000,GRCh38,gneg,Tue Apr 30 17:54:25 2019
Xq21.33,X,94300001,99100000,4800000,GRCh38,gpos75,Tue Apr 30 17:54:25 2019
Xq22.1,X,99100001,103300000,4200000,GRCh38,gneg,Tue Apr 30 17:54:25 2019
Xq22.2,X,103300001,104500000,1200000,GRCh38,gpos50,Tue Apr 30 17:54:25 2019
Xq22.3,X,104500001,109400000,4900000,GRCh38,gneg,Tue Apr 30 17:54:25 2019
Xq23,X,109400001,117400000,8000000,GRCh38,gpos75,Tue Apr 30 17:54:25 2019
Xq24,X,117400001,121800000,4400000,GRCh38,gneg,Tue Apr 30 17:54:25 2019
Xq25,X,121800001,129500000,7700000,GRCh38,gpos100,Tue Apr 30 17:54:25 2019
Xq26.1,X,129500001,131300000,1800000,GRCh38,gneg,Tue Apr 30 17:54:25 2019
Xq26.2,X,131300001,134500000,3200000,GRCh38,gpos25,Tue Apr 30 17:54:25 2019
Xq26.3,X,134500001,138900000,4400000,GRCh38,gneg,Tue Apr 30 17:54:25 2019
Xq27.1,X,138900001,141200000,2300000,GRCh38,gpos75,Tue Apr 30 17:54:25 2019
Xq27.2,X,141200001,143000000,1800000,GRCh38,gneg,Tue Apr 30 17:54:25 2019
Xq27.3,X,143000001,148000000,5000000,GRCh38,gpos100,Tue Apr 30 17:54:25 2019
Xq28,X,148000001,156040895,8040895,GRCh38,gneg,Tue Apr 30 17:54:25 2019
Yp11.32,Y,1,300000,300000,GRCh38,gneg,Tue Apr 30 17:54:25 2019
Yp11.31,Y,300001,600000,300000,GRCh38,gpos50,Tue Apr 30 17:54:25 2019
Yp11.2,Y,600001,10300000,9700000,GRCh38,gneg,Tue Apr 30 17:54:25 2019
Yp11.1,Y,10300001,10400000,100000,GRCh38,acen,Tue Apr 30 17:54:25 2019
Yq11.1,Y,10400001,10600000,200000,GRCh38,acen,Tue Apr 30 17:54:25 2019
Yq11.21,Y,10600001,12400000,1800000,GRCh38,gneg,Tue Apr 30 17:54:25 2019
Yq11.221,Y,12400001,17100000,4700000,GRCh38,gpos50,Tue Apr 30 17:54:25 2019
Yq11.222,Y,17100001,19600000,2500000,GRCh38,gneg,Tue Apr 30 17:54:25 2019
Yq11.223,Y,19600001,23800000,4200000,GRCh38,gpos50,Tue Apr 30 17:54:25 2019
Yq11.23,Y,23800001,26600000,2800000,GRCh38,gneg,Tue Apr 30 17:54:25 2019
Yq12,Y,26600001,57227415,30627415,GRCh38,gvar,Tue Apr 30 17:54:25 2019
